‹IŒ³‘O,‘O‚P‚O‚O”N,ƒCƒxƒ“ƒg1,image1
‹IŒ³‘O,‘O‚X‚X”N,ƒCƒxƒ“ƒg2,image2
‹IŒ³‘O,‘O‚X‚W”N,ƒCƒxƒ“ƒg3,image3
‹IŒ³‘O,‘O‚X‚V”N,ƒCƒxƒ“ƒg4,image1
‹IŒ³‘O,‘O‚X‚U”N,ƒCƒxƒ“ƒg5,image2
‹IŒ³‘O,‘O‚X‚T”N,ƒCƒxƒ“ƒg6,image3
‹IŒ³‘O,‘O‚X‚S”N,ƒCƒxƒ“ƒg7,image1
‹IŒ³‘O,‘O‚X‚R”N,ƒCƒxƒ“ƒg8,image2
‹IŒ³‘O,‘O‚X‚Q”N,ƒCƒxƒ“ƒg9,image3
‹IŒ³‘O,‘O‚X‚P”N,ƒCƒxƒ“ƒg10,image1
‹IŒ³‘O,‘O‚X‚O”N,ƒCƒxƒ“ƒg11,image2
`‚T‚O‚O”N,‚P‚O‚O”N,ƒCƒxƒ“ƒg1,image3
`‚T‚O‚O”N,‚P‚P‚O”N,ƒCƒxƒ“ƒg2,image1
`‚T‚O‚O”N,‚P‚Q‚O”N,ƒCƒxƒ“ƒg3,image2
`‚T‚O‚O”N,‚P‚R‚O”N,ƒCƒxƒ“ƒg4,image3
`‚T‚O‚O”N,‚P‚S‚O”N,ƒCƒxƒ“ƒg5,image1
`‚T‚O‚O”N,‚P‚T‚O”N,ƒCƒxƒ“ƒg6,image2
`‚T‚O‚O”N,‚P‚U‚O”N,ƒCƒxƒ“ƒg7,image3
`‚P‚O‚O‚O”N,‚T‚O‚O”N,ƒCƒxƒ“ƒg1,image1
`‚P‚O‚O‚O”N,‚T‚P‚O”N,ƒCƒxƒ“ƒg2,image2
`‚P‚O‚O‚O”N,‚T‚Q‚O”N,ƒCƒxƒ“ƒg3,image3
`‚P‚O‚O‚O”N,‚T‚R‚O”N,ƒCƒxƒ“ƒg4,image1
`‚P‚O‚O‚O”N,‚T‚S‚O”N,ƒCƒxƒ“ƒg5,image2
`‚P‚O‚O‚O”N,‚T‚T‚O”N,ƒCƒxƒ“ƒg6,image3
`‚P‚T‚O‚O”N,‚P‚P‚O‚O”N,ƒCƒxƒ“ƒg1,image1
`‚P‚T‚O‚O”N,‚P‚P‚P‚O”N,ƒCƒxƒ“ƒg2,image2
`‚P‚T‚O‚O”N,‚P‚P‚Q‚O”N,ƒCƒxƒ“ƒg3,image3
`‚P‚T‚O‚O”N,‚P‚P‚R‚O”N,ƒCƒxƒ“ƒg4,image1
`‚P‚T‚O‚O”N,‚P‚P‚S‚O”N,ƒCƒxƒ“ƒg5,image2
`‚P‚T‚O‚O”N,‚P‚P‚T‚O”N,ƒCƒxƒ“ƒg6,image3
`‚P‚T‚O‚O”N,‚P‚P‚U‚O”N,ƒCƒxƒ“ƒg7,image1
`‚P‚T‚O‚O”N,‚P‚P‚V‚O”N,ƒCƒxƒ“ƒg8,image2
`‚P‚T‚O‚O”N,‚P‚P‚W‚O”N,ƒCƒxƒ“ƒg9,image3
`‚P‚T‚O‚O”N,‚P‚P‚X‚O”N,ƒCƒxƒ“ƒg10,image1