‹IŒ³‘O,‘O‚P‚O‚O”N,ƒCƒxƒ“ƒg1,http://www.kentar0u.sakura.ne.jp/Images/image1.png
‹IŒ³‘O,‘O‚X‚X”N,ƒCƒxƒ“ƒg2,http://www.kentar0u.sakura.ne.jp/Images/image2.png
‹IŒ³‘O,‘O‚X‚W”N,ƒCƒxƒ“ƒg3,http://www.kentar0u.sakura.ne.jp/Images/image3.png
‹IŒ³‘O,‘O‚X‚V”N,ƒCƒxƒ“ƒg4,http://www.kentar0u.sakura.ne.jp/Images/image1.png
‹IŒ³‘O,‘O‚X‚U”N,ƒCƒxƒ“ƒg5,http://www.kentar0u.sakura.ne.jp/Images/image2.png
‹IŒ³‘O,‘O‚X‚T”N,ƒCƒxƒ“ƒg6,http://www.kentar0u.sakura.ne.jp/Images/image3.png
‹IŒ³‘O,‘O‚X‚S”N,ƒCƒxƒ“ƒg7,http://www.kentar0u.sakura.ne.jp/Images/image1.png
‹IŒ³‘O,‘O‚X‚R”N,ƒCƒxƒ“ƒg8,http://www.kentar0u.sakura.ne.jp/Images/image2.png
‹IŒ³‘O,‘O‚X‚Q”N,ƒCƒxƒ“ƒg9,http://www.kentar0u.sakura.ne.jp/Images/image3.png
‹IŒ³‘O,‘O‚X‚P”N,ƒCƒxƒ“ƒg10,http://www.kentar0u.sakura.ne.jp/Images/image1.png
‹IŒ³‘O,‘O‚X‚O”N,ƒCƒxƒ“ƒg11,http://www.kentar0u.sakura.ne.jp/Images/image2.png
`‚T‚O‚O”N,‚P‚O‚O”N,ƒCƒxƒ“ƒg1,http://www.kentar0u.sakura.ne.jp/Images/image3.png
`‚T‚O‚O”N,‚P‚P‚O”N,ƒCƒxƒ“ƒg2,http://www.kentar0u.sakura.ne.jp/Images/image1.png
`‚T‚O‚O”N,‚P‚Q‚O”N,ƒCƒxƒ“ƒg3,http://www.kentar0u.sakura.ne.jp/Images/image2.png
`‚T‚O‚O”N,‚P‚R‚O”N,ƒCƒxƒ“ƒg4,http://www.kentar0u.sakura.ne.jp/Images/image3.png
`‚T‚O‚O”N,‚P‚S‚O”N,ƒCƒxƒ“ƒg5,http://www.kentar0u.sakura.ne.jp/Images/image1.png
`‚T‚O‚O”N,‚P‚T‚O”N,ƒCƒxƒ“ƒg6,http://www.kentar0u.sakura.ne.jp/Images/image2.png
`‚T‚O‚O”N,‚P‚U‚O”N,ƒCƒxƒ“ƒg7,http://www.kentar0u.sakura.ne.jp/Images/image3.png
`‚P‚O‚O‚O”N,‚T‚O‚O”N,ƒCƒxƒ“ƒg1,http://www.kentar0u.sakura.ne.jp/Images/image1.png
`‚P‚O‚O‚O”N,‚T‚P‚O”N,ƒCƒxƒ“ƒg2,http://www.kentar0u.sakura.ne.jp/Images/image2.png
`‚P‚O‚O‚O”N,‚T‚Q‚O”N,ƒCƒxƒ“ƒg3,http://www.kentar0u.sakura.ne.jp/Images/image3.png
`‚P‚O‚O‚O”N,‚T‚R‚O”N,ƒCƒxƒ“ƒg4,http://www.kentar0u.sakura.ne.jp/Images/image1.png
`‚P‚O‚O‚O”N,‚T‚S‚O”N,ƒCƒxƒ“ƒg5,http://www.kentar0u.sakura.ne.jp/Images/image2.png
`‚P‚O‚O‚O”N,‚T‚T‚O”N,ƒCƒxƒ“ƒg6,http://www.kentar0u.sakura.ne.jp/Images/image3.png
`‚P‚T‚O‚O”N,‚P‚P‚O‚O”N,ƒCƒxƒ“ƒg1,http://www.kentar0u.sakura.ne.jp/Images/image1.png
`‚P‚T‚O‚O”N,‚P‚P‚P‚O”N,ƒCƒxƒ“ƒg2,http://www.kentar0u.sakura.ne.jp/Images/image2.png
`‚P‚T‚O‚O”N,‚P‚P‚Q‚O”N,ƒCƒxƒ“ƒg3,http://www.kentar0u.sakura.ne.jp/Images/image3.png
`‚P‚T‚O‚O”N,‚P‚P‚R‚O”N,ƒCƒxƒ“ƒg4,http://www.kentar0u.sakura.ne.jp/Images/image1.png
`‚P‚T‚O‚O”N,‚P‚P‚S‚O”N,ƒCƒxƒ“ƒg5,http://www.kentar0u.sakura.ne.jp/Images/image2.png
`‚P‚T‚O‚O”N,‚P‚P‚T‚O”N,ƒCƒxƒ“ƒg6,http://www.kentar0u.sakura.ne.jp/Images/image3.png
`‚P‚T‚O‚O”N,‚P‚P‚U‚O”N,ƒCƒxƒ“ƒg7,http://www.kentar0u.sakura.ne.jp/Images/image1.png
`‚P‚T‚O‚O”N,‚P‚P‚V‚O”N,ƒCƒxƒ“ƒg8,http://www.kentar0u.sakura.ne.jp/Images/image2.png
`‚P‚T‚O‚O”N,‚P‚P‚W‚O”N,ƒCƒxƒ“ƒg9,http://www.kentar0u.sakura.ne.jp/Images/image3.png
`‚P‚T‚O‚O”N,‚P‚P‚X‚O”N,ƒCƒxƒ“ƒg10,http://www.kentar0u.sakura.ne.jp/Images/image1.png